name,index,value,stderr
(intercept),,-3.73879845301,45.6247568906
Total Government Schools,,-0.137042673218,0.231029192711
Total Private Schools,,1.20394963369,0.722535112507
