name,index,value,stderr
(intercept),,21.0246100025,14.2650520252
Total Government Schools,,0.000472322234644,0.000648115830821
Total Private Schools,,0.00162847707332,0.00203523942102
