name,index,value,stderr
(intercept),,0.129815397331,34.6351300644
Total Government Schools,,-0.00383727165378,0.0107036490216
Total Private Schools,,0.2379549751,0.0894706103359
