name,index,value,stderr
(intercept),,2.68133817933,28.8954184854
Total Government Schools,,0.00212929086225,0.00111139808007
Total Private Schools,,-0.00301402684893,0.00569341026708
