name,index,value,stderr
(intercept),,0.16001565389,5.12157235125
Total Government Schools,,0.00104120798596,8.27458632018e-05
Total Private Schools,,0.0029461166242,0.0014248696497
