name,index,value,stderr
(intercept),,3.95137615169,37.4848974459
Total Government Schools,,2.05383799939,1.29471101423
Total Private Schools,,-2.91771126774,1.9122423792
