name,index,value,stderr
(intercept),,1.01657879859,2.10629794556
Total Government Schools,,0.00172198912881,0.000118632536053
Total Private Schools,,0.0023947680174,0.000971839647771
