name,index,value,stderr
(intercept),,0.785190794707,2.5031574456
Total Government Schools,,0.309168760032,0.0136375740669
Total Private Schools,,0.279542721446,0.0821899052693
