name,index,value,stderr
(intercept),,6.49110569506,45.2656351098
Total Government Schools,,1.00183242448,0.901687279688
Total Private Schools,,-1.12343579578,2.93453831258
