name,index,value,stderr
(intercept),,-4.84376865832,28.6876883083
Total Government Schools,,-0.0564268381017,0.0242845170358
Total Private Schools,,0.0783004919989,0.0262356373636
