name,index,value,stderr
(intercept),,-2.19696914816,49.2956298819
Total Government Schools,,0.0995963648196,0.0883296843118
Total Private Schools,,-0.0975473551462,0.176018416945
