name,index,value,stderr
(intercept),,0.755114214112,1.65415435682
Total Government Schools,,0.00239812713459,9.99077155992e-05
Total Private Schools,,0.00169862658057,0.000355340945919
