name,index,value,stderr
(intercept),,-1.62408474856,42.162305913
Total Government Schools,,0.00184853433072,0.00436668083888
Total Private Schools,,0.00928244208677,0.00936881063384
