name,index,value,stderr
(intercept),,0.660968654271,1.792266452
Total Government Schools,,0.00417338822627,0.000839133869077
Total Private Schools,,0.0135079120193,0.00519487262424
