name,index,value,stderr
(intercept),,0.794947421052,1.15936873858
Total Government Schools,,6.32454173542e-05,4.00950216539e-06
Total Private Schools,,6.24776924604e-05,1.38554035271e-05
