name,index,value,stderr
(intercept),,3.87376928759,7.02745700589
Total Government Schools,,-0.000984438450383,0.00246647332314
Total Private Schools,,0.0224739886446,0.0112982100563
