name,index,value,stderr
(intercept),,0.417276361317,3.29618215726
Total Government Schools,,0.0013397047116,0.000373204335335
Total Private Schools,,0.00998464167202,0.00607230968072
