name,index,value,stderr
(intercept),,1.42117179458,3.10987198155
Total Government Schools,,0.00195783660225,0.000151175477392
Total Private Schools,,0.000146369071354,0.000421928145018
