name,index,value,stderr
(intercept),,1.73100543143,31.8658301273
Total Government Schools,,0.0161232179841,0.0146199559289
Total Private Schools,,-0.00809074758546,0.00757908263156
