name,index,value,stderr
(intercept),,-0.0993833346913,3.91684800351
Total Government Schools,,0.000320181033547,0.000212039301849
Total Private Schools,,0.00190673198012,0.000921469399872
