name,index,value,stderr
(intercept),,1.01606579882,2.02875825379
Total Government Schools,,0.00102408960187,0.000164847333548
Total Private Schools,,0.000998466635203,0.00039453512986
