name,index,value,stderr
(intercept),,0.968316765012,3.40230910392
Total Government Schools,,0.000189494201389,0.00361493679016
Total Private Schools,,0.0592847092281,0.00783300754574
