name,index,value,stderr
(intercept),,1.15706387271,40.4929026746
Total Government Schools,,0.000195297765449,0.00512700364621
Total Private Schools,,0.011620279986,0.00643153656358
