name,index,value,stderr
(intercept),,-1.76122235413,41.8751305671
Total Government Schools,,0.0144953146786,0.0275202076167
Total Private Schools,,0.0728932722844,0.0950000289106
