name,index,value,stderr
(intercept),,-1.02113986918,28.7295364847
Total Government Schools,,0.0345404132461,0.0351713708416
Total Private Schools,,0.00318654183927,0.120880487883
