name,index,value,stderr
(intercept),,-2.25633048338,29.2216387186
Total Government Schools,,0.000831354374917,0.00123667161597
Total Private Schools,,0.00491786068773,0.0087599417265
