name,index,value,stderr
(intercept),,-1.18292178275,43.7890384397
Total Government Schools,,-0.350961635993,0.539320875204
Total Private Schools,,0.640348297487,0.841558409052
