name,index,value,stderr
(intercept),,1.39694503292,39.9782315753
Total Government Schools,,0.00180379901562,0.00267465128206
Total Private Schools,,0.00790544167776,0.00649515880703
