name,index,value,stderr
(intercept),,1.21760239379,3.59209003189
Total Government Schools,,0.000664628888323,9.40682833956e-05
Total Private Schools,,0.00116998661084,0.000228411844623
