name,index,value,stderr
(intercept),,0.204101263933,3.70965109867
Total Government Schools,,0.0522458676901,0.00939568494324
Total Private Schools,,0.120026720915,0.0210913114214
