name,index,value,stderr
(intercept),,1.1420965533,3.92533246585
Total Government Schools,,0.00126651242699,0.00179012988637
Total Private Schools,,0.00260792044901,0.00345518918467
