name,index,value,stderr
(intercept),,0.0283041636261,0.202328101335
Total Government Schools,,0.00353196646958,0.000130094568348
Total Private Schools,,-0.000372402540645,0.000285735659651
