name,index,value,stderr
(intercept),,2.24074440975,4.4503244497
Total Government Schools,,0.0208120854348,0.00194761223473
Total Private Schools,,-0.000538769249684,0.0265749924497
