name,index,value,stderr
(intercept),,-1.16584204574,23.0259200401
Total Government Schools,,-0.00349160930526,0.00370254982831
Total Private Schools,,0.0284536291082,0.0115227586164
