name,index,value,stderr
(intercept),,1.0567083381,2.30168238792
Total Government Schools,,0.000331140602372,3.59440070012e-05
Total Private Schools,,0.000298290028008,7.28444079976e-05
