name,index,value,stderr
(intercept),,0.210298063647,5.42452117725
Total Government Schools,,0.000874223822272,9.45761170736e-05
Total Private Schools,,0.00186845737441,0.000671671664127
