name,index,value,stderr
(intercept),,-21.5415081055,164.73530397
Pupil-Teacher Ratio: Elementary,,-15.0104023952,7.48095848293
% Teachers Recieved in-Service Training,,0.975742829516,1.76602023157
Student-Classroom Ratio,,11.7892324048,10.3747882323
