name,index,value,stderr
(intercept),,390.950227494,130.824476337
Pupil-Teacher Ratio: Elementary,,-8.86856397816,9.35388291046
% Teachers Recieved in-Service Training,,-0.112061978485,1.56562577809
Student-Classroom Ratio,,-4.95062843237,8.17831416867
