name,index,value,stderr
(intercept),,303.576599367,109.656535886
Pupil-Teacher Ratio: Elementary,,-11.3082313888,23.633186066
% Teachers Recieved in-Service Training,,0.385640152357,3.87985582223
Student-Classroom Ratio,,-2.04481485179,23.9599418487
