name,index,value,stderr
(intercept),,247.977534888,68.3512308396
Pupil-Teacher Ratio: Elementary,,-3.09836059925,1.58252399651
% Teachers Recieved in-Service Training,,-0.765342092873,0.482251225203
Student-Classroom Ratio,,0.0974162038518,0.432193381707
