name,index,value,stderr
(intercept),,-13.6079485192,139.800622558
Pupil-Teacher Ratio: Elementary,,4.20200892152,3.91573036319
% Teachers Recieved in-Service Training,,-0.589956658783,2.80263545443
Student-Classroom Ratio,,-1.50919896614,2.61265543284
