name,index,value,stderr
(intercept),,28.3214403933,108.583055306
Student-Classroom Ratio,,-0.894578554138,1.22710584123
Pupil-Teacher Ratio: Elementary,,0.325035991886,3.69498440951
% Teachers Recieved in-Service Training,,-0.279452489898,0.781022559753
Total Teachers (Elementary),,0.000618735300468,0.00979361836034
