name,index,value,stderr
(intercept),,143.803717542,47.1380067416
Pupil-Teacher Ratio: Elementary,,5.00642003517,3.70644480571
% Teachers Recieved in-Service Training,,1.10502682557,0.438759637635
Student-Classroom Ratio,,-8.45858485077,2.90861794907
