name,index,value,stderr
(intercept),,105.692725746,88.0247663129
Pupil-Teacher Ratio: Elementary,,0.522254674619,3.59392092561
% Teachers Recieved in-Service Training,,0.875801811078,0.326895914446
Student-Classroom Ratio,,-2.29885437602,4.64254218042
