name,index,value,stderr
(intercept),,299.914423063,332.494561913
Pupil-Teacher Ratio: Elementary,,1.23549957531,3.75669755411
% Teachers Recieved in-Service Training,,1.7340255754,1.15377002015
Student-Classroom Ratio,,-9.38315768154,9.96538601347
