name,index,value,stderr
(intercept),,-73.9849980603,63.2799949378
Student-Classroom Ratio,,-0.529832686333,1.61479775503
Pupil-Teacher Ratio: Elementary,,2.5870335642,1.8616109935
% Teachers Recieved in-Service Training,,-0.192316388867,0.19452033851
Total Teachers (Elementary),,0.0310297756232,0.0298810893675
