name,index,value,stderr
(intercept),,-0.225020007013,0.955592236416
Student-Classroom Ratio,,0.0020870034494,0.00981744099342
Pupil-Teacher Ratio: Elementary,,0.001986590024,0.0191302385433
% Teachers Recieved in-Service Training,,0.00745961343272,0.00458402160761
Total Teachers (Elementary),,-4.33827915525e-07,4.05053252111e-06
