name,index,value,stderr
(intercept),,107.806414235,206.648075351
Pupil-Teacher Ratio: Elementary,,-3.80312435976,2.69630748345
% Teachers Recieved in-Service Training,,-0.812992015389,1.89893776622
Student-Classroom Ratio,,0.952954095573,3.96121660337
