name,index,value,stderr
(intercept),,304.917044794,147.504241012
Pupil-Teacher Ratio: Elementary,,-6.07845560685,11.8833857776
% Teachers Recieved in-Service Training,,1.12654634219,0.850111815996
Student-Classroom Ratio,,-3.07297083738,7.972977273
