name,index,value,stderr
(intercept),,13.6851025088,154.627084642
Pupil-Teacher Ratio: Elementary,,-4.3523484916,6.10603925289
% Teachers Recieved in-Service Training,,-1.41132754295,0.459568394576
Student-Classroom Ratio,,6.58305585507,10.0185716426
