name,index,value,stderr
(intercept),,39.4388921341,63.4920167354
Student-Classroom Ratio,,-0.446719690246,1.22820207049
Pupil-Teacher Ratio: Elementary,,-0.523669912113,1.85258550054
% Teachers Recieved in-Service Training,,0.0994564212411,0.0675810207184
Total Teachers (Elementary),,-8.34231631726e-05,0.000172163207707
