name,index,value,stderr
(intercept),,307.43085286,75.6607954614
Pupil-Teacher Ratio: Elementary,,-5.64174940889,4.9934565337
% Teachers Recieved in-Service Training,,1.05175146335,0.775677854905
Student-Classroom Ratio,,-12.8764683695,7.27592945618
