name,index,value,stderr
(intercept),,304.662677198,128.659361479
Pupil-Teacher Ratio: Elementary,,-2.44701313628,15.5574001104
% Teachers Recieved in-Service Training,,2.07327660251,4.17636260662
Student-Classroom Ratio,,-6.92550701522,8.16362811563
