name,index,value,stderr
(intercept),,101.866477389,164.958783846
Pupil-Teacher Ratio: Elementary,,-2.56237702931,12.8915360714
% Teachers Recieved in-Service Training,,-1.97701435276,2.39503228352
Student-Classroom Ratio,,3.43054735872,15.9922631734
