name,index,value,stderr
(intercept),,235.272447418,205.029933349
Pupil-Teacher Ratio: Elementary,,-3.66681184591,6.70851249823
% Teachers Recieved in-Service Training,,-0.176543140787,0.825701485708
Student-Classroom Ratio,,-0.192025349655,1.70323356479
