name,index,value,stderr
(intercept),,64.4806547515,100.878213077
Pupil-Teacher Ratio: Elementary,,5.22210178617,5.21311232901
% Teachers Recieved in-Service Training,,0.992001527959,0.42939496522
Student-Classroom Ratio,,-6.67063372402,3.52432170957
