name,index,value,stderr
(intercept),,3.02449964226,7.84084397192
Student-Classroom Ratio,,-0.060612830371,0.0887493897779
Pupil-Teacher Ratio: Elementary,,0.147762724987,0.193285847784
% Teachers Recieved in-Service Training,,0.0513175974115,0.010572928093
Total Teachers (Elementary),,-1.6477703565e-05,1.04451571177e-05
