name,index,value,stderr
(intercept),,156.341132653,220.323750388
Pupil-Teacher Ratio: Elementary,,5.19398700566,8.13087914901
% Teachers Recieved in-Service Training,,0.00993460481599,1.10793062836
Student-Classroom Ratio,,-10.1192930993,11.9982867292
