name,index,value,stderr
(intercept),,-5.73462030839,3.05014750914
Student-Classroom Ratio,,0.0975262857164,0.0912833197715
Pupil-Teacher Ratio: Elementary,,0.143020804161,0.0928789577624
% Teachers Recieved in-Service Training,,-0.0109215859699,0.0109766939588
Total Teachers (Elementary),,5.22797747171e-06,8.99912354296e-06
