name,index,value,stderr
(intercept),,127.016821835,12.0873577548
Pupil-Teacher Ratio: Elementary,,1.50700210959,0.51435816295
% Teachers Recieved in-Service Training,,0.202616740712,0.123005816638
Student-Classroom Ratio,,-3.56467179388,0.14520864991
