name,index,value,stderr
(intercept),,441.952541949,44.3127177872
Pupil-Teacher Ratio: Elementary,,-1.97538819884,1.19913499574
% Teachers Recieved in-Service Training,,0.337214950045,0.369385734221
Student-Classroom Ratio,,-9.54406795709,1.09268944387
