name,index,value,stderr
(intercept),,185.856915993,345.76585637
Pupil-Teacher Ratio: Elementary,,-2.88971325376,3.92603963923
% Teachers Recieved in-Service Training,,-0.377461085289,6.59497646244
Student-Classroom Ratio,,-2.79297555466,19.6924275854
