name,index,value,stderr
(intercept),,541.954142806,309.248799995
Pupil-Teacher Ratio: Elementary,,3.14791647472,15.8101142499
% Teachers Recieved in-Service Training,,-1.61648581023,1.26946665791
Student-Classroom Ratio,,-26.2424816362,17.5578202615
