name,index,value,stderr
(intercept),,65.7970261174,27.6490816069
Student-Classroom Ratio,,-0.501726034643,1.96227846447
Pupil-Teacher Ratio: Elementary,,-0.747730297979,1.52876107272
% Teachers Recieved in-Service Training,,0.0414492098947,0.077127825959
Total Teachers (Elementary),,-0.000758552376921,0.000289381106071
