name,index,value,stderr
(intercept),,36.3423355053,70.4691061045
Student-Classroom Ratio,,-0.886529518412,2.70947080328
Pupil-Teacher Ratio: Elementary,,-0.959795778455,4.1447363208
% Teachers Recieved in-Service Training,,-0.0542513439847,0.253146665075
Total Teachers (Elementary),,0.000228964088533,0.00233566447039
