name,index,value,stderr
(intercept),,320.624118167,119.579209174
Pupil-Teacher Ratio: Elementary,,-15.3335420775,19.309171717
% Teachers Recieved in-Service Training,,1.04193198263,1.77384432246
Student-Classroom Ratio,,-4.55711512308,18.7808612163
