name,index,value,stderr
(intercept),,147.388893598,185.549815442
Pupil-Teacher Ratio: Elementary,,4.55350420836,4.93167490309
% Teachers Recieved in-Service Training,,-2.50364525296,1.81982620999
Student-Classroom Ratio,,-6.31367282226,10.9563678715
