name,index,value,stderr
(intercept),,97.8085176638,155.848705877
Student-Classroom Ratio,,0.705856680815,2.96468897619
Pupil-Teacher Ratio: Elementary,,-3.0464096486,4.63776281238
% Teachers Recieved in-Service Training,,0.027431268589,0.500699334291
Total Teachers (Elementary),,-0.00212443647474,0.00339483823728
