name,index,value,stderr
(intercept),,307.881007137,138.049715459
Pupil-Teacher Ratio: Elementary,,-1.65520250028,8.89860537369
% Teachers Recieved in-Service Training,,0.322142466475,2.26032352272
Student-Classroom Ratio,,-7.20577198182,9.85514129155
