name,index,value,stderr
(intercept),,158.248726023,457.316926931
Pupil-Teacher Ratio: Elementary,,2.15751999048,23.2138004724
% Teachers Recieved in-Service Training,,-1.69964660287,5.84511007176
Student-Classroom Ratio,,-3.52121926842,33.2677883358
