name,index,value,stderr
(intercept),,-20.6083350328,23.1783524194
Student-Classroom Ratio,,0.422014471245,0.902125148258
Pupil-Teacher Ratio: Elementary,,0.40971832326,0.854137206578
% Teachers Recieved in-Service Training,,0.0192698883524,0.160430963555
Total Teachers (Elementary),,2.50444092212e-05,6.14716506798e-05
