name,index,value,stderr
(intercept),,14.8400743818,44.7635809341
Student-Classroom Ratio,,-0.0650309562578,1.33892257465
Pupil-Teacher Ratio: Elementary,,-0.270789098107,1.5411865602
% Teachers Recieved in-Service Training,,-0.306789807215,0.317269505537
Total Teachers (Elementary),,-0.000548070070238,0.00190917568245
