name,index,value,stderr
(intercept),,210.762744957,194.131529669
Pupil-Teacher Ratio: Elementary,,-2.47085966472,11.330090846
% Teachers Recieved in-Service Training,,1.84144664706,5.38642961722
Student-Classroom Ratio,,-7.63454205575,22.5614783021
