name,index,value,stderr
(intercept),,-0.96209888135,175.236374115
Pupil-Teacher Ratio: Elementary,,-11.2655817005,4.65719134443
% Teachers Recieved in-Service Training,,6.35432987544,2.71791657868
Student-Classroom Ratio,,3.14989011396,6.91403036704
