name,index,value,stderr
(intercept),,0.00894014561685,0.017566036945
Pupil-Teacher Ratio: Elementary,,1.71858958659,102063.797703
% Teachers Recieved in-Service Training,,1.33203758206,13509.4371545
Student-Classroom Ratio,,1.74592855933,88757.0021054
