name,index,value,stderr
(intercept),,223.354518166,33.0919898585
Pupil-Teacher Ratio: Elementary,,0.480758573674,1.66715490907
% Teachers Recieved in-Service Training,,0.769040667672,1.05539064295
Student-Classroom Ratio,,-6.27586692093,1.41728226816
