name,index,value,stderr
(intercept),,176.147199497,36.8513955637
Pupil-Teacher Ratio: Elementary,,0.459656217702,2.71132640401
% Teachers Recieved in-Service Training,,-0.904959943128,1.61202092854
Student-Classroom Ratio,,-3.40623702438,3.43162493873
