name,index,value,stderr
(intercept),,384.679187148,124.534477496
Pupil-Teacher Ratio: Elementary,,-15.4359944923,5.58873884285
% Teachers Recieved in-Service Training,,3.38793837992,1.12812788957
Student-Classroom Ratio,,-6.04862829037,9.70146604107
