name,index,value,stderr
(intercept),,43.7599344458,44.2713377081
Student-Classroom Ratio,,-0.21332178876,0.818524982205
Pupil-Teacher Ratio: Elementary,,-0.0321261750562,1.05319717007
% Teachers Recieved in-Service Training,,-0.218933603663,0.339196790662
Total Teachers (Elementary),,-2.57960554886e-05,2.31693368229e-05
