name,index,value,stderr
(intercept),,5.7649101375,119.221785427
Student-Classroom Ratio,,0.400084251512,2.00753342167
Pupil-Teacher Ratio: Elementary,,0.315749587772,2.42440063778
% Teachers Recieved in-Service Training,,-0.0959802252531,0.184933235186
Total Teachers (Elementary),,-0.000128928682329,0.000529246044076
