name,index,value,stderr
(intercept),,-10.8326234958,60.1515686678
Student-Classroom Ratio,,0.223388389725,0.396616106391
Pupil-Teacher Ratio: Elementary,,0.110679202451,1.10228920981
% Teachers Recieved in-Service Training,,0.04295375237,0.0862678771144
Total Teachers (Elementary),,7.77259885886e-06,7.81079469765e-05
