name,index,value,stderr
(intercept),,181.24439034,29.0141767301
Pupil-Teacher Ratio: Elementary,,-1.17631673373,1.18738914039
% Teachers Recieved in-Service Training,,1.61804888422,0.501058453827
Student-Classroom Ratio,,-2.87653128529,1.67321722669
